K,Error
0,378.98491354860573
1,377.26984441158237
2,375.49738068193057
3,373.9628728182521
4,372.5049644512057
5,370.860119288578
6,369.3631703696886
7,367.9224899577694
8,366.5083870501155
9,364.9800124120111
10,363.64209039493306
11,362.2980530055056
12,360.88750032514946
13,359.49759792440193
14,358.118563207526
15,356.96588348057276
16,355.6361827854592
17,354.5403654980558
18,353.23503156455234
19,351.93358343703414
20,350.55766109954163
21,349.18210928266336
22,347.7774285053583
23,346.33760537553457
24,345.0823049230894
25,343.755340157976
26,342.3303775226293
27,340.86702135233213
28,339.48808120356426
29,337.98990364633215
30,336.97127667629866
31,335.7661266847586
32,334.4554892034233
33,332.9757693456144
34,331.440907723407
35,329.9050149974293
36,328.4286532486401
37,327.07596031482217
38,325.6347126969711
39,324.13733967481284
40,322.6888168590477
41,321.0599533991315
42,319.3602247296084
43,317.7831337230831
44,316.12417225678814
45,314.24281194567976
46,312.5274632415942
47,310.48396845283133
48,308.72212943747314
49,306.84650515561214
50,304.8817778207679
51,302.97308175594884
52,301.1143015666784
53,298.94859015419206
54,296.85736729642235
55,294.6061576271712
56,292.4480999273764
57,290.3307550054022
58,287.9605647603685
59,285.60134214648843
60,283.7098286104602
61,281.5226261771232
62,279.39833033582454
63,277.14839422459863
64,274.9237479003216
65,272.6178359866599
66,270.27233071221514
67,268.12437487643734
68,265.82031636831897
69,263.6137535612119
70,261.37548063718816
71,258.9446077602967
72,256.5058985299941
73,254.04504998035264
74,251.57590543189693
75,248.9922272771691
76,246.28197132314568
77,243.4134232069066
78,240.5356629864434
79,237.92899112273383
80,235.10665253447598
81,232.31994761547045
82,229.5088428447464
83,226.67637454929897
84,223.83918011279047
85,220.8370183988905
86,218.0270338687899
87,214.83753909048826
88,211.66825758419077
89,208.4772055553181
90,206.0723906990004
91,203.25983874667344
92,200.54931719630258
93,197.78628792638492
94,194.90953570428746
95,192.00423763243518
96,189.2257279442235
97,186.41990346644488
98,183.56220283098574
99,180.95409681895438
100,178.08417980573626
101,175.28412608038897
102,172.43323201717158
103,169.46843696020645
104,166.6114178034549
105,163.7647195770762
106,160.8267847504809
107,157.94796150995757
108,155.00257723007977
109,152.02978552278972
110,149.07351113035335
111,145.9577686323119
112,143.17241880837184
113,140.4094593403519
114,137.42646550476599
115,134.48586262473071
116,131.45395888522475
117,128.49590994516214
118,125.39377813351803
119,122.28311789794043
120,119.91035393280411
121,117.28305156530925
122,114.74685966277166
123,112.19963908667334
124,109.46478844265036
125,106.83984714522512
126,104.2758681489657
127,101.76293973718562
128,99.07285571858522
129,96.57019608896908
130,94.07061424633851
131,91.7363248825851
132,89.31303392469044
133,87.11134304740503
134,84.8403365444732
135,82.53647596109978
136,80.31085123676739
137,78.17114723857847
138,76.10384830650196
139,74.17907207953104
140,72.13186631287013
141,70.2895345898551
142,68.32519940499692
143,66.42251936068993
144,64.58321625499701
145,62.904695044625576
146,61.12626527407834
147,59.48302841365479
148,57.86165394111058
149,56.28911949028948
150,55.14399690863597
151,53.794802689048325
152,52.419956856038205
153,51.04463289131939
154,49.69009982948024
155,48.43828646824183
156,47.29680513849548
157,46.27983878941703
158,45.282892730161606
159,44.26380663179292
160,43.24523285265913
161,42.252380803717195
162,41.39356167623783
163,40.495882245315855
164,39.7155492035439
165,38.958841429417106
166,38.18843700391862
167,37.48603597123831
168,36.623918237982565
169,35.781655683545345
170,35.07356888686342
171,34.46433300728686
172,33.82466308355381
173,33.15935868886696
174,32.53474273492789
175,32.00262691127874
176,31.438343611557475
177,30.912419205101134
178,30.4426849667016
179,29.940144678352254
180,29.522571475529336
181,29.074856924196627
182,28.625258235422017
183,28.276436771617696
184,27.88700985632249
185,27.551783602275528
186,27.22306263632759
187,26.94701795129549
188,26.628699606008734
189,26.298828803546698
190,26.007197211695487
191,25.63389858753199
192,25.37142117595514
193,25.096719471045517
194,24.836919175709184
195,24.628063771090588
196,24.388756786173133
197,24.16583657017672
198,23.938457787838242
199,23.680903765203833
200,23.434636721435428
201,23.223948393617757
202,23.00293386711117
203,22.748839445250855
204,22.52027853539335
205,22.318218713895625
206,22.155851827403836
207,21.983065566932908
208,21.80711367982774
209,21.62134548823284
210,21.44759543644731
211,21.277076155664034
212,21.1422089335456
213,21.021299434514464
214,20.870877421618207
215,20.740814818247532
216,20.60578318868769
217,20.433428934477035
218,20.28097882406049
219,20.13877670032973
220,20.016697787057506
221,19.879317090419555
222,19.770120827291116
223,19.645914402599594
224,19.5089874249275
225,19.38773453693494
226,19.23868500697301
227,19.098502652041223
228,18.979711701553253
229,18.82916696231169
230,18.680399049903727
231,18.54006781001274
232,18.39848342174952
233,18.27122576788074
234,18.1547215257979
235,18.019773463685038
236,17.92022779089542
237,17.80586295226369
238,17.676027173367622
239,17.55835421757445
240,17.49202989300225
241,17.40770623404593
242,17.300778641955088
243,17.19261553850285
244,17.120729104578636
245,17.06026959639435
246,16.95005461725777
247,16.83380989595659
248,16.75146108691973
249,16.648425379964554
250,16.561823343636455
251,16.487578718017186
252,16.382531487747023
253,16.298644446313173
254,16.224547841623036
255,16.15546143559778
256,16.080467326395418
257,16.019507385912753
258,15.981720003634406
259,15.823125580514942
260,15.717112724554267
261,15.63892897438013
262,15.56784726716998
263,15.50363551463842
264,15.446854128687642
265,15.392619552779635
266,15.313564001839339
267,15.235231343969852
268,15.171606113684456
269,15.100286974031537
270,15.034484456410754
271,14.98373037733499
272,14.931873932705038
273,14.902334405100158
274,14.870398145948085
275,14.8011850716094
276,14.711300669473143
277,14.650476192661838
278,14.614653220618992
279,14.569388623051495
280,14.497653164092405
281,14.435703948607562
282,14.40034773878823
283,14.353359034391532
284,14.340037999576634
285,14.242565991613887
286,14.188359237895511
287,14.15797024744702
288,14.117982769765833
289,14.082620972073263
290,14.013920266699056
291,13.958032826301833
292,13.928560804563944
293,13.886275923773749
294,13.86302292475116
295,13.795730521117973
296,13.721919243887887
297,13.729648837221282
298,13.667576510486525
299,13.62068274372247
300,13.571442074827317
301,13.547274817806382
302,13.473919079941945
303,13.421224112289526
304,13.369287276214846
305,13.3155698401035
306,13.279009940129482
307,13.262151208324784
308,13.213640290313254
309,13.148029804282242
310,13.124294531525944
311,13.086298789907252
312,13.061422443374472
313,13.024374220537764
314,12.988025073728718
315,12.946306074358576
316,12.897829923260574
317,12.854358390889683
318,12.825052308538
319,12.794806167904584
320,12.76668711698773
321,12.75261691867726
322,12.713232522046084
323,12.684523929992569
324,12.639877869537605
325,12.60393925934629
326,12.59222212573968
327,12.565593307965928
328,12.505496953353655
329,12.504848267192157
330,12.46061873942355
331,12.432035824012232
332,12.403936002188484
333,12.369853684325
334,12.34975697577687
335,12.312229820431899
336,12.311799572594216
337,12.299717665897454
338,12.281815359869022
339,12.235546966429892
340,12.214914379565808
341,12.165452353309515
342,12.147451627434693
343,12.095282405399033
344,12.073275718523748
345,12.051992104012088
346,12.024754522292968
347,12.004869368223575
348,11.9743883391711
349,11.92455555758619
350,11.905684714373653
351,11.892545844332862
352,11.866214285699026
353,11.80589375203014
354,11.773942548851206
355,11.744356688872651
356,11.714128682068512
357,11.697278013112085
358,11.679350637837196
359,11.668942222567905
360,11.654405890949032
361,11.639552602664992
362,11.64006014328903
363,11.670348974812157
364,11.613606176595887
365,11.544142467123724
366,11.529795083593752
367,11.503966077257152
368,11.53954774083831
369,11.490276920588874
370,11.428759932482887
371,11.400455279103122
372,11.386781782599865
373,11.383730707237888
374,11.330660289803093
375,11.313340881445761
376,11.327239503959461
377,11.394145133253216
378,11.338161175113452
379,11.222565340178075
380,11.223905743165579
381,11.193548848500043
382,11.134964597986242
383,11.113258111729403
384,11.097648056339022
385,11.056463928553557
386,11.044733226788496
387,11.01816337634443
388,10.994050945601169
389,11.012190986417885
390,11.014822776283339
391,10.98038038304695
392,10.941348876941479
393,10.881411244904898
394,10.824099709148582
395,10.809128209527138
396,10.816162283382777
397,10.779516996508367
398,10.75986184478371
399,10.738005120690595
400,10.71424859573945
401,10.702447769994448
402,10.662228557000324
403,10.662131374887366
404,10.637576531731433
405,10.618307173185812
406,10.584397012309179
407,10.569963257844572
408,10.529478145174782
409,10.527167311244975
410,10.481918556332268
411,10.439111655847357
412,10.416003612019953
413,10.41601440604943
414,10.383405921371716
415,10.39509015253939
416,10.369973047867642
417,10.323988008134432
418,10.372243719083997
419,10.327417908708105
420,10.273845095335421
421,10.268153157724683
422,10.269478467118498
423,10.23213302422393
424,10.22057107629872
425,10.204327556278233
426,10.221400694751287
427,10.189605695055542
428,10.146049823614977
429,10.167274075120169
430,10.18101725510298
431,10.112091746809485
432,10.090806876931708
433,10.105015132239888
434,10.076083421646693
435,10.104796188684093
436,10.086430281966186
437,9.996569525173605
438,9.936215579649783
439,9.927164566521634
440,9.906820339170734
441,9.933699276255478
442,9.929436121890665
443,9.868174528739491
444,9.842241931471358
445,9.82642333265647
446,9.806260396361209
447,9.78624142285544
448,9.770681257673758
449,9.761992101486143
450,9.747513813297646
451,9.740444528658298
452,9.70636105447683
453,9.667950979505068
454,9.711888029991233
455,9.663742825624484
456,9.61919327626643
457,9.59268591168029
458,9.564359449869276
459,9.554519761555698
460,9.548138080789291
461,9.53735133723634
462,9.520260622124505
463,9.483368363059897
464,9.486060717351535
465,9.502805007937601
466,9.529032748056325
467,9.552733191828194
468,9.417594826285606
469,9.386178363854013
470,9.424431797399587
471,9.358728853407321
472,9.3762351060123
473,9.301506399533595
474,9.263937806107938
475,9.25572275391126
476,9.232330159386663
477,9.220846600057646
478,9.265378779166836
479,9.207033914624922
480,9.196729943751455
481,9.158326546947388
482,9.12649924730624
483,9.101963264407125
484,9.073097537434354
485,9.077930095500195
486,9.076891966918476
487,9.028652221686233
488,9.028121444027054
489,9.05425478437225
490,8.986164925477283
491,8.967296555154045
492,8.949382863020901
493,8.952933505504715
494,8.943860354159451
495,8.941642384636653
496,8.869707996409575
497,8.831601313156462
498,8.896629702457112
499,8.867155865444325
500,8.785443988548797
501,8.761847203006322
502,8.748912726451078
503,8.728364386094947
504,8.713652147403215
505,8.704460640702447
506,8.676205774861161
507,8.659763620592193
508,8.63071111302823
509,8.62835343077197
510,8.60765509817554
511,8.592668366999964
512,8.592016555200043
513,8.595863939693846
514,8.566141436771375
515,8.52218256920574
516,8.515017092449877
517,8.492069770834476
518,8.461945793299348
519,8.45362343484998
520,8.484303699746503
521,8.469539296569161
522,8.428797060768435
523,8.370739377086686
524,8.346178955726248
525,8.344050345384623
526,8.305914445966755
527,8.292113864994581
528,8.277424610741482
529,8.277162817654084
530,8.26981973697472
531,8.21900144289281
532,8.192949356960371
533,8.225419906647678
534,8.209246136203632
535,8.15761899841332
536,8.11673985991111
537,8.099270737023506
538,8.100825387138984
539,8.13451447380452
540,8.08914025138158
541,8.045880670917281
542,8.021731601606902
543,8.03616288383573
544,8.028832191870926
545,7.9633164314368745
546,8.018194767940669
547,7.987340575100279
548,7.908147086066943
549,7.885291290749413
550,7.887120339623342
551,7.866939823092047
552,7.841026667944776
553,7.812662508065806
554,7.802961457505233
555,7.829152966981144
556,7.790119372534985
557,7.744234393691901
558,7.734454736319655
559,7.716116327263827
560,7.709139587909393
561,7.691059271972634
562,7.6540484025610995
563,7.638760549620388
564,7.631739553259866
565,7.657481405696702
566,7.60436229400337
567,7.594931053985604
568,7.597878581751931
569,7.535064024292287
570,7.507943646419966
571,7.49498299314267
572,7.490429369230334
573,7.464668199574951
574,7.4382003052783086
575,7.4217733825683485
576,7.406773603971018
577,7.406833592943745
578,7.422913820788201
579,7.404891011857788
580,7.396268409524293
581,7.415519271372226
582,7.370844361719786
583,7.294828083773337
584,7.263170753045445
585,7.245806595731201
586,7.242057559196362
587,7.264002895030115
588,7.214994340714142
589,7.192728425145826
590,7.2036315327496245
591,7.162403048953282
592,7.122044238451121
593,7.108697808784816
594,7.088759958561692
595,7.07647671059296
596,7.063123810273197
597,7.030334749067908
598,7.047433404682602
599,7.099029492337393
600,7.117605401817859
601,6.977020253246808
602,6.974705548921643
603,7.010065668175091
604,6.955394470720355
605,6.939193379366511
606,6.917705402268451
607,6.885639071758029
608,6.905512747552537
609,6.934515324805317
610,6.940853763112304
611,6.866235489647613
612,6.84159912674363
613,6.778947379690636
614,6.760750553322655
615,6.754187179824875
616,6.737076416125194
617,6.708485540354905
618,6.706746214374837
619,6.671695373602662
620,6.661206996650859
621,6.650603695787827
622,6.686926771079902
623,6.687495561180394
624,6.629025291796572
625,6.616959416188783
626,6.564006944755429
627,6.537548382339429
628,6.5393955947493865
629,6.560386408237483
630,6.528703544815933
631,6.511572273625699
632,6.455984639113279
633,6.432651350011855
634,6.515073609420103
635,6.503696854401043
636,6.4040154849819375
637,6.380793556461192
638,6.38114986212048
639,6.366849404764534
640,6.324020240154314
641,6.318840708543093
642,6.310516665036055
643,6.320370484646861
644,6.265541225033827
645,6.2589621194528835
646,6.243723316054709
647,6.223916774065586
648,6.257340222684856
649,6.370241979770367
650,6.318094192172627
651,6.187188787955126
652,6.1662102757569945
653,6.132215531254534
654,6.109565014418237
655,6.10718666690152
656,6.086545942920671
657,6.07208265678449
658,6.090611787811774
659,6.037940045462725
660,6.0525458792623725
661,6.051342206643532
662,6.051842602413189
663,6.003768928583069
664,5.97913995702357
665,6.011367207066101
666,6.074849837484267
667,5.992896450476961
668,5.935834959248496
669,5.938755842306918
670,5.927233922257093
671,5.892235716199989
672,5.890557793323015
673,5.886180021998252
674,5.86561684687796
675,5.830639808290564
676,5.82294004906745
677,5.824057016921511
678,5.8132667206751645
679,5.806496847885069
680,5.7859489697968
681,5.771142014424468
682,5.75386916695744
683,5.74862063508905
684,5.7289558836270205
685,5.724167297069613
686,5.7177177646577855
687,5.711789380068578
688,5.686919684773559
689,5.6581873409522885
690,5.655413513985591
691,5.661834225425772
692,5.650144838652583
693,5.6318450458956
694,5.614287423148943
695,5.67855572525287
696,5.684741985317398
697,5.677110687259616
698,5.597654561829333
699,5.592455441429221
700,5.556192651406121
701,5.547020957033175
702,5.5541251411393
703,5.5439562248310175
704,5.509699711985825
705,5.53968424463753
706,5.5271400564975215
707,5.46918622551012
708,5.476827175346101
709,5.448705225514048
710,5.443568594661164
711,5.427424571382444
712,5.4142367728242204
713,5.411983957310311
714,5.411684798311182
715,5.428021510611707
716,5.445978478963886
717,5.461114796408222
718,5.402609803927766
719,5.348118011312744
720,5.36359559414601
721,5.447590667471917
722,5.389030914615827
723,5.318300361991281
724,5.317280912238588
725,5.3349057003061455
726,5.2951210894125955
727,5.285757082321774
728,5.278863352203011
729,5.295283269117833
730,5.284773991325381
731,5.272068863408439
732,5.264129412007522
733,5.263764223095374
734,5.245064741631446
735,5.216094699578144
736,5.211331209211666
737,5.206797703068016
738,5.19929979988139
739,5.2036780932859035
740,5.204910811241978
741,5.2236325055302855
742,5.221159616449727
743,5.204095661338751
744,5.190301865291832
745,5.188329519004949
746,5.212480114000643
747,5.124952677562717
748,5.169418997501061
749,5.192722428102392
750,5.191947196619766
751,5.096824981620345
752,5.113067274107317
753,5.183230591329324
754,5.137160347800654
755,5.093780898994649
756,5.0921573774132955
757,5.091886294469279
758,5.089972343272686
759,5.048028456178453
760,5.048774247069393
761,5.0430095737569545
762,5.043965933993581
763,5.048289130180851
764,5.0527789327868415
765,5.03037547288774
766,5.038995782581524
767,5.029354274752139
768,5.017376363198517
769,4.986244477136651
770,4.984646312269472
771,5.038856539005331
772,5.021050047728431
773,5.000127009612131
774,4.9657281660167625
775,4.967559920171181
776,4.977420009039709
777,5.0084872195304095
778,4.97118834029957
779,4.951553950467261
780,4.928386938946371
781,4.939820252624519
782,5.002897008603335
783,5.042402450459627
784,5.008881827042816
785,4.9645273376974925
786,4.905513617110754
787,4.908416402946365
788,4.8866408807140695
789,4.9111487196657135
790,4.884106849531139
791,4.8791020488640475
792,4.9417307526106855
793,4.888594418611523
794,4.85833518631993
795,4.942029309522993
796,4.911467140692556
797,4.848056451263094
798,4.843429567996122
799,4.849825142253425
800,4.858581322958929
801,4.8973889376001365
802,4.9182490415755575
803,4.84482832639275
804,4.879078282689403
805,4.937409407558538
806,4.828116516977509
807,4.825123894122979
808,4.826718645619784
809,4.803001017410942
810,4.827932976631529
811,4.810778921373168
812,4.7882833918882834
813,4.790127944641258
814,4.783974767675008
815,4.7834583507045885
816,4.789908757933165
817,4.813672109961539
818,4.778252796713721
819,4.7714179544648285
820,4.781193727597115
821,4.771985763159722
822,4.764728232411228
823,4.7569672532538725
824,4.761658777444374
825,4.749668214053703
826,4.746759023802481
827,4.738503307750778
828,4.7431097165945735
829,4.737810457338364
830,4.733044911495689
831,4.78510149467957
832,4.764505063191485
833,4.789066021146944
834,4.731792830306147
835,4.737699995027934
836,4.742833920229346
837,4.712902657512174
838,4.724816148523439
839,4.736176697841324
840,4.735300264186748
841,4.720817567905586
842,4.703858553678253
843,4.700225051230997
844,4.730010769929721
845,4.794802402830795
846,4.812367169929298
847,4.719301649975561
848,4.690508174353404
849,4.705622867380074
850,4.740106669972049
851,4.733801215706702
852,4.695307608341484
853,4.676534385759052
854,4.6700180577185915
855,4.674564694523306
856,4.696497856926989
857,4.690165675589069
858,4.662729074716142
859,4.664065351212243
860,4.7010190359014
861,4.670423826723607
862,4.682104078534447
863,4.717736401096338
864,4.750311325388044
865,4.714245887110517
866,4.642919224202668
867,4.662558249651676
868,4.676507654658945
869,4.653475486418032
870,4.645720878532727
871,4.6417199352053835
872,4.632722929860423
873,4.6648077458017685
874,4.693097001126914
875,4.650672348947094
876,4.6566731709772355
877,4.711567415352666
878,4.665050152383914
879,4.639525783557913
880,4.64434373124623
881,4.645250069137167
882,4.644842335936772
883,4.667063038620047
884,4.662222993608584
885,4.633716047487254
886,4.605573426774073
887,4.618646432937508
888,4.622036566833304
889,4.632582621200436
890,4.610989695141711
891,4.637797490259286
892,4.711651720333169
893,4.65341606997687
894,4.621324617475146
895,4.613563384406661
896,4.680739672980696
897,4.6478098536750085
898,4.622264197488635
899,4.633152279089756
900,4.606482149050819
901,4.59205809297149
902,4.583840365098797
903,4.583645558792466
904,4.58175344714587
905,4.594312144610126
906,4.612542290024794
907,4.57667383337827
908,4.599134632178581
909,4.599339731688063
910,4.604998316518538
911,4.59795563020112
912,4.585102763491717
913,4.583173720146062
914,4.6197844085456286
915,4.627677045654448
916,4.628936370575818
917,4.606642935313517
918,4.577632779625741
919,4.5736483133307955
920,4.605240308620393
921,4.650877684952861
922,4.631429131239469
923,4.6068936287485895
924,4.6678452845356855
925,4.568257357883841
926,4.560051710478388
927,4.588289449635704
928,4.5564874425904796
929,4.644094204091557
930,4.7560576363932086
931,4.6222920524185245
932,4.547689331975035
933,4.579261507609509
934,4.627132235068605
935,4.573522218973893
936,4.547608370220169
937,4.573592886723475
938,4.584307194154381
939,4.593740908646184
940,4.569541090667284
941,4.589706065856359
942,4.541334124436266
943,4.558882056271277
944,4.577971500510817
945,4.60846694750519
946,4.57831728480863
947,4.536895695151097
948,4.583432804656011
949,4.553625216434509
950,4.546357547558083
951,4.534388202384115
952,4.565476957618017
953,4.567848743741841
954,4.560715857027468
955,4.525551411463022
956,4.527365636020661
957,4.72036927336884
958,4.746477249303147
959,4.587448787385703
960,4.569483458805455
961,4.672661015413513
962,4.56503493774791
963,4.559523500947891
964,4.6819905740375685
965,4.580725273037647
966,4.509724902802617
967,4.520943951421844
968,4.562025720051266
969,4.561512498336665
970,4.541475004620859
971,4.563849912228306
972,4.553458787129667
973,4.6168568677954545
974,4.5660707338367965
975,4.5182343432013194
976,4.607277479836056
977,4.5367210294362925
978,4.527269792573949
979,4.545760364372698
980,4.601591476787007
981,4.560041916435983
982,4.526308131979646
983,4.507949350135351
984,4.506081339785082
985,4.510829830149669
986,4.558720702267512
987,4.616102590769743
988,4.5660742395635845
989,4.614276945610626
990,4.608410486885149
991,4.5224127142092305
992,4.547716814132782
993,4.615254204580409
994,4.5698242233374256
995,4.512738545544691
996,4.495271216032517
997,4.522506022301353
998,4.578061490661959
999,4.510076001035104
1000,4.486705899214207
1001,4.495698111190508
1002,4.529024731432234
1003,4.52853205539164
1004,4.520713597784592
1005,4.484048654586484
1006,4.534277333911884
1007,4.562401452096884
1008,4.5046154485592425
1009,4.479627957925508
1010,4.478221431614134
1011,4.499952815735373
1012,4.507104965730175
1013,4.500892743981283
1014,4.473504794487059
1015,4.496361500838375
1016,4.536444077951675
1017,4.477916302620207
1018,4.487971276598033
1019,4.48510502990616
1020,4.477743122989967
1021,4.496294220493688
1022,4.572025402922851
1023,4.510480761559227
1024,4.468128462954602
1025,4.5352708223121
1026,4.5460758112438455
1027,4.476751791516217
1028,4.467564227674479
1029,4.490797389270902
1030,4.551915928650717
1031,4.5579542102087505
1032,4.4650447752020535
1033,4.458260543667838
1034,4.462674208708406
1035,4.462970219386474
1036,4.468376408917471
1037,4.47798272685349
1038,4.493027739497279
1039,4.508438740099768
1040,4.483990666276395
1041,4.534867228526006
1042,4.559803561588393
1043,4.515560113606071
1044,4.60014392827194
1045,4.659863271564894
1046,4.673727482999641
1047,4.51396846988998
1048,4.531970042498376
1049,4.53811437174309
1050,4.483081480517003
1051,4.485220539271221
1052,4.584493516402796
1053,4.538611433349672
1054,4.487155631377321
1055,4.450007024839757
1056,4.484959522679234
1057,4.4574641646323085
1058,4.463764346678157
1059,4.451148671492785
1060,4.485581292583508
1061,4.456715034109599
1062,4.46091814789559
1063,4.505853672776319
1064,4.484796703530915
1065,4.460097144094479
1066,4.485360897073214
1067,4.50877654844911
1068,4.47913606151471
1069,4.474738264564133
1070,4.469956118588915
1071,4.450706090485432
1072,4.4662680408739055
1073,4.52588250007648
1074,4.441844464594047
1075,4.603747134450298
1076,4.659437129621068
1077,4.532334079718982
1078,4.479372665331867
1079,4.572540920417341
1080,4.571518273289792
1081,4.443449461441424
1082,4.4684630601678474
1083,4.466541984649506
1084,4.467000264364276
1085,4.465121097430022
1086,4.4454821032606855
1087,4.4397945406248525
1088,4.443934154315305
1089,4.460485026534506
1090,4.449127780407447
1091,4.440843799720642
1092,4.5208517038999725
1093,4.499740967822739
1094,4.437935295466061
1095,4.454532156054844
1096,4.457369042303319
1097,4.456255302648574
1098,4.444281659730759
1099,4.449454331680353
1100,4.4666006919009975
1101,4.450019710750562
1102,4.4342293637751835
1103,4.4471793197624025
1104,4.433696912452681
1105,4.437994142545423
1106,4.43056089042739
1107,4.4230634644589655
1108,4.4488011115902575
1109,4.4900829849281445
1110,4.452525246745113
1111,4.434082017800588
1112,4.430745731433602
1113,4.441617421688105
1114,4.447843428348783
1115,4.448873016219958
1116,4.426546384348418
1117,4.426692050503967
1118,4.43019830174142
1119,4.434565108863785
1120,4.468470450065601
1121,4.419155033863603
1122,4.424849025665539
1123,4.417051106490111
1124,4.428438688803412
1125,4.4510807007469735
1126,4.4629450121543135
1127,4.468545664946326
1128,4.484428015896136
1129,4.468468371966031
1130,4.4752369285370905
1131,4.472359731724313
1132,4.447239202313004
1133,4.441575080667603
1134,4.429834941332965
1135,4.461141070873104
1136,4.413193105030964
1137,4.424698555822127
1138,4.411708141033092
1139,4.413031299679749
1140,4.425088720184297
1141,4.455233911087525
1142,4.460074514968967
1143,4.450153235185129
1144,4.422417638024929
1145,4.414477426901524
1146,4.438113668015567
1147,4.445346533863035
1148,4.49536872868975
1149,4.477438131147889
1150,4.436640726727442
1151,4.4177950315629255
1152,4.42030505190814
1153,4.411832174564179
1154,4.4438734140655916
1155,4.39981090081049
1156,4.455212752718817
1157,4.5173096137651
1158,4.434617149169324
1159,4.408907551409165
1160,4.453178803319144
1161,4.446143387026661
1162,4.4263899059127345
1163,4.407698012672021
1164,4.438766541363062
1165,4.468614875179029
1166,4.395353522831914
1167,4.431059095829109
1168,4.425871490579373
1169,4.40191500333297
1170,4.419129519810223
1171,4.420879906549994
1172,4.408625584863274
1173,4.414214758123151
1174,4.397031205530428
1175,4.461854132448031
1176,4.613554163173331
1177,4.56328690670058
1178,4.40931673753814
1179,4.435697515426784
1180,4.449194793415872
1181,4.433046862352452
1182,4.396812258775145
1183,4.43353500584899
1184,4.418789614959645
1185,4.422091570169333
1186,4.435177012361739
1187,4.417619388715573
1188,4.393997371488061
1189,4.407993529114931
1190,4.402662403210324
1191,4.4076680603615985
1192,4.462329834866671
1193,4.46569168577671
1194,4.405362399966787
1195,4.396074265580726
1196,4.560036972594184
1197,4.479391770472204
1198,4.401496407510657
1199,4.399282086630548
1200,4.426209069584069
1201,4.3826187734418625
1202,4.415897505355589
1203,4.428999282989517
1204,4.405818691747223
1205,4.381999003348058
1206,4.393662409671276
1207,4.4191520022612165
1208,4.409690394790358
1209,4.395983227793882
1210,4.388140601336227
1211,4.394504080454076
1212,4.395038261542219
1213,4.383492975865871
1214,4.388266298333114
1215,4.396480652223204
1216,4.494106377883165
1217,4.3907764550351605
1218,4.3814035170412
1219,4.382959530644688
1220,4.378933658804279
1221,4.380160645285776
1222,4.383702289580487
1223,4.39096584751078
1224,4.384209900232456
1225,4.377085507635677
1226,4.4020781179210875
1227,4.414827293687686
1228,4.4391848074251365
1229,4.4843047205680655
1230,4.468480337743608
1231,4.442359247028008
1232,4.423740811734167
1233,4.389567877762947
1234,4.388507214738585
1235,4.373954085537521
1236,4.395202056071207
1237,4.392357751691069
1238,4.398663989727144
1239,4.40099934412207
1240,4.4079834278787144
1241,4.41279103274062
1242,4.431037331817315
1243,4.434911939703416
1244,4.3854471632569885
1245,4.392872975933162
1246,4.375775945076809
1247,4.398289150708136
1248,4.400801036221093
1249,4.393053867948311
1250,4.375331472813674
1251,4.374328912816805
1252,4.481440559158273
1253,4.409617587245179
1254,4.392652051899818
1255,4.403762898713324
1256,4.4082044067067985
1257,4.501500003020417
1258,4.505540826777454
1259,4.378864829631337
1260,4.397389792600752
1261,4.390384622117918
1262,4.401658636991662
1263,4.412008673481428
1264,4.371700326690443
1265,4.377823491347819
1266,4.378153800829076
1267,4.378764437885533
1268,4.362588090045973
1269,4.365187286206658
1270,4.378497968787867
1271,4.376792053987957
1272,4.371800878193736
1273,4.402826077469349
1274,4.402314120757615
1275,4.378722553827171
1276,4.443070669520689
1277,4.383756401380183
1278,4.3739298250843035
1279,4.388608950485824
1280,4.364695672179786
1281,4.356840111102161
1282,4.379213587668535
1283,4.381189329975137
1284,4.385615644233372
1285,4.3788349889384115
1286,4.412143551747289
1287,4.402385513141996
1288,4.3633220672886415
1289,4.474571400426673
1290,4.49451033457735
1291,4.437843029330521
1292,4.36692294290175
1293,4.418040198107904
1294,4.501576463269061
1295,4.44996687568004
1296,4.364282029132359
1297,4.42548763236324
1298,4.439552979460566
1299,4.404981837424139
1300,4.399364963596555
1301,4.3651066789440955
1302,4.356147995969747
1303,4.377025568800855
1304,4.4305666778216555
1305,4.399393319555222
1306,4.377040595388064
1307,4.382592370158662
1308,4.361255656030336
1309,4.399450859154776
1310,4.355145644221438
1311,4.353904725252908
1312,4.349447620145597
1313,4.419528885824106
1314,4.549041540595856
1315,4.351540394452169
1316,4.417122033638837
1317,4.5250392847607825
1318,4.358958965835118
1319,4.351514511999479
1320,4.344990358782831
1321,4.346863453244041
1322,4.3583397404606625
1323,4.373321566350772
1324,4.370647780765193
1325,4.3457446501226125
1326,4.461416899083585
1327,4.468893724844643
1328,4.4187909228274265
1329,4.342175108365908
1330,4.346292475258
1331,4.415682426035051
1332,4.410560090993093
1333,4.345911238668987
1334,4.375082881592373
1335,4.381878622028765
1336,4.368502999653254
1337,4.357735351210534
1338,4.360208156174764
1339,4.357679441309564
1340,4.348628424826158
1341,4.352044243837702
1342,4.342041889558127
1343,4.368460747321021
1344,4.40012732467646
1345,4.378946636475985
1346,4.342164581442421
1347,4.361086183416744
1348,4.335870507072029
1349,4.348225278449891
1350,4.3638663905199575
1351,4.376279612785331
1352,4.364266089837262
1353,4.354168632737028
1354,4.3405127227366815
1355,4.349805914541316
1356,4.441118644678291
1357,4.443090495281602
1358,4.378326239069037
1359,4.365960260417145
1360,4.399141098756912
1361,4.368892233137854
1362,4.33730261263093
1363,4.360762893630522
1364,4.33812042589866
1365,4.352296763913316
1366,4.428838550171142
1367,4.366786334919025
1368,4.338672415216703
1369,4.452694098603075
1370,4.630452027441655
1371,4.366259196206769
1372,4.553403513945559
1373,4.717147431790093
1374,4.4108681020574405
1375,4.395624653256951
1376,4.45310690414443
1377,4.3583875902096105
1378,4.352597097496641
1379,4.390484369843747
1380,4.353991973969462
1381,4.365642760368232
1382,4.431559849596834
1383,4.367087400228087
1384,4.37450198464392
1385,4.359659246061229
1386,4.34471989855514
1387,4.350522596921604
1388,4.436312640853322
1389,4.404128886742466
1390,4.342184123102219
1391,4.331810595567403
1392,4.359470510588156
1393,4.351761511900876
1394,4.366922579485973
1395,4.330206856947765
1396,4.340983520260622
1397,4.378376385980679
1398,4.328704126691255
1399,4.347672995883548
1400,4.358550866143562
1401,4.382919941749389
1402,4.353211765136962
1403,4.331582518086674
1404,4.372972008028024
1405,4.329861270639484
1406,4.345062434314908
1407,4.338466533527583
1408,4.337011021852129
1409,4.340378849471073
1410,4.338335309325248
1411,4.344690510102786
1412,4.422813617678448
1413,4.3492385964724365
1414,4.347713598593785
1415,4.378900239508175
1416,4.340781450449732
1417,4.3625502824475415
1418,4.342466934268871
1419,4.32643019264623
1420,4.31735594015338
1421,4.314535430193451
1422,4.324083577407113
1423,4.390100533265617
1424,4.364146850147096
1425,4.326480124580712
1426,4.36371147217331
1427,4.417448460821641
1428,4.356543679034033
1429,4.342566277332019
1430,4.438516208280273
1431,4.471189917944197
1432,4.367758905201771
1433,4.337258277096018
1434,4.357788862978595
1435,4.372558917958019
1436,4.316702338051766
1437,4.3139831565677484
1438,4.3229207246874015
1439,4.310901731138864
1440,4.311509024722906
1441,4.318650652470429
1442,4.332039986527852
1443,4.341412763986685
1444,4.379248150697006
1445,4.34481344856992
1446,4.352507332567473
1447,4.40274431917926
1448,4.36381712575199
1449,4.3265756384713105
1450,4.345856437727797
1451,4.452184996420527
1452,4.3646699217813
1453,4.358471176111862
1454,4.53714235353103
1455,4.350839484913178
1456,4.343796828087171
1457,4.495991489510139
1458,4.4913461370970325
1459,4.31895700251156
1460,4.384937667754744
1461,4.609759400457056
1462,4.4325931598003745
1463,4.367770205161335
1464,4.590299332478996
1465,4.552170259567406
1466,4.3120597814086565
1467,4.4576589601984855
1468,4.588830012864697
1469,4.322410331855146
1470,4.345876303884331
1471,4.522189796111038
1472,4.404933654470024
1473,4.332904365187546
1474,4.468292514026067
1475,4.528887365399301
1476,4.413510695863555
1477,4.367853976099658
1478,4.498972854366723
1479,4.360567364482561
1480,4.447979489909236
1481,4.520822665514593
1482,4.354640118190391
1483,4.32784879860799
1484,4.449545769185501
1485,4.335047209129055
1486,4.325948218101598
1487,4.327384559976079
1488,4.331968312791006
1489,4.306686440625641
1490,4.348110533860229
1491,4.334466972450512
1492,4.331077005031316
1493,4.452398931545469
1494,4.3807687714973955
1495,4.386767265807157
1496,4.444679924342458
1497,4.53956811157209
1498,4.401576756147126
1499,4.325036619105414
1500,4.377757499123825
1501,4.448330226021124
1502,4.354510210161335
1503,4.340667861624768
1504,4.364150912065748
1505,4.380098058325879
1506,4.335868986743325
1507,4.398042894520625
1508,4.35881420040061
1509,4.328786355582201
1510,4.4053665411956375
1511,4.401520750290298
1512,4.353642885494161
1513,4.374708461694882
1514,4.524603772559999
1515,4.3233096531606074
1516,4.329317861824101
1517,4.419263174232961
1518,4.324632774510226
1519,4.381708694507587
1520,4.457699818587202
1521,4.353588266197145
1522,4.323149417956054
1523,4.351909817425712
1524,4.328365797403055
1525,4.311065020273459
1526,4.317715189078135
1527,4.303647530950799
1528,4.313506837974643
1529,4.316732462272415
1530,4.352864176228714
1531,4.413018871497485
1532,4.320887276763739
1533,4.334837123108787
1534,4.345684136379696
1535,4.347793167698909
1536,4.306569334508944
1537,4.343646223925762
1538,4.357899647551685
1539,4.303121571960027
1540,4.304574481606934
1541,4.354353740644753
1542,4.3860409407430945
1543,4.405740691634743
1544,4.4247424546132805
1545,4.311824742900715
1546,4.3933075851757595
1547,4.402357957088296
1548,4.332827514286741
1549,4.3168516252254765
1550,4.336231883374109
1551,4.311248825588878
1552,4.307045581931694
1553,4.381256099883182
1554,4.346580955357905
1555,4.303248311367552
1556,4.304497962915681
1557,4.304143080257643
1558,4.300397791947088
1559,4.3012016445771915
1560,4.302949619323005
1561,4.303190159932513
1562,4.3113580505057385
1563,4.337063186163455
1564,4.312650359871697
1565,4.356120970058434
1566,4.328458154690252
1567,4.298982409230374
1568,4.312927707546491
1569,4.305988706975048
1570,4.3105035108531995
1571,4.389983429613372
1572,4.337700397650686
1573,4.377512480107748
1574,4.583418048118233
1575,4.405821733259212
1576,4.312445134413863
1577,4.4077807215543885
1578,4.313707222706808
1579,4.300797506802551
1580,4.313575667083584
1581,4.298728619382287
1582,4.350538670802337
1583,4.392368769192722
1584,4.557110333859115
1585,4.327946329340714
1586,4.410671968961187
1587,4.37279032447356
1588,4.331999285930841
1589,4.4060467312691545
1590,4.40262257963813
1591,4.318864548696465
1592,4.287878431353751
1593,4.336514514963225
1594,4.332835927828884
1595,4.294139495124853
1596,4.292994147478042
1597,4.299397364947765
1598,4.298677165706249
1599,4.304987983206688
1600,4.313567837507019
1601,4.313052054436359
1602,4.3497769229175045
1603,4.368957249392783
1604,4.343003974335393
1605,4.383391185677332
1606,4.352675379094421
1607,4.336956576811652
1608,4.46853080276171
1609,4.579055140513975
1610,4.470189817141732
1611,4.3003722116415055
1612,4.507216937639354
1613,4.800195944305871
1614,4.470805740856845
1615,4.29162602193822
1616,4.358573637177784
1617,4.404976417840287
1618,4.312035910393963
1619,4.396096755590862
1620,4.373248205977973
1621,4.285279792782898
1622,4.314378045482098
1623,4.286943908427506
1624,4.288983894915427
1625,4.333495225065839
1626,4.3002819737986675
1627,4.308267241661695
1628,4.3115989010556826
1629,4.324811106316835
1630,4.3500798341683575
1631,4.300590526189469
1632,4.284955931707388
1633,4.290658177743004
1634,4.2876482252585175
1635,4.2852363701986755
1636,4.325178793381925
1637,4.341822031865593
1638,4.289155517942003
1639,4.310918379347252
1640,4.304363884330074
1641,4.332675246849146
1642,4.401221302997047
1643,4.33293739678993
1644,4.368164436176906
1645,4.55214865246668
1646,4.2988951829654045
1647,4.343049728631164
1648,4.350324587334559
1649,4.301709607712296
1650,4.353284715427316
1651,4.433468280951805
1652,4.403443833717472
1653,4.285984138451644
1654,4.353297838817249
1655,4.389469923977678
1656,4.355211863514591
1657,4.304676536039604
1658,4.285701573122052
1659,4.2898363620813225
1660,4.295764117766303
1661,4.351246379374045
1662,4.397053914370648
1663,4.3275697557834
1664,4.437221780066671
1665,4.3900615229549285
1666,4.329199238636866
1667,4.488854761193917
1668,4.45428432664931
1669,4.280370209197142
1670,4.397975693316694
1671,4.4677614006843935
1672,4.324137387912393
1673,4.2927358272942415
1674,4.485333237183302
1675,4.397580941613474
1676,4.284058989422913
1677,4.386644192937876
1678,4.5308243185294605
1679,4.355282444173063
1680,4.290348248487808
1681,4.3394730498129634
1682,4.407308639500486
1683,4.352992607467442
1684,4.327547928541207
1685,4.312118208882059
1686,4.35525846084451
1687,4.310212144513377
1688,4.344660005723475
1689,4.3180928502079645
1690,4.287704370062745
1691,4.3463553400743145
1692,4.363114650230764
1693,4.3170903562676575
1694,4.276442434715806
1695,4.277676845818985
1696,4.330899949804691
1697,4.291330093743877
1698,4.284996267237057
1699,4.336167474799973
1700,4.358991399516975
1701,4.3148564242481555
1702,4.3406883484033365
1703,4.409304752147963
1704,4.2815742662861895
1705,4.278724736897575
1706,4.2971356479108485
1707,4.2784822841228225
1708,4.288578201620715
1709,4.285486374761838
1710,4.284455623496514
1711,4.289474343800992
1712,4.314649850066341
1713,4.290476172528836
1714,4.302274720209645
1715,4.404288730848269
1716,4.283647397809163
1717,4.301757843708203
1718,4.320423595698928
1719,4.343579720251755
1720,4.292484562654343
1721,4.272739034503277
1722,4.3177473438597955
1723,4.471448745235624
1724,4.4558611632980085
1725,4.293945466786634
1726,4.2928537903182455
1727,4.356145364674044
1728,4.389392271995995
1729,4.289556006680377
1730,4.318454823295121
1731,4.369397200602084
1732,4.307641611704469
1733,4.318446166975217
1734,4.480441544260672
1735,4.42197070482867
1736,4.2932791800232595
1737,4.422442732286766
1738,4.418108842082549
1739,4.279870973203422
1740,4.414712503511705
1741,4.328109645445465
1742,4.27668062740883
1743,4.287269202326806
1744,4.334103761143015
1745,4.318456036471851
1746,4.2970435950288115
1747,4.435911677505868
1748,4.5894052302544335
1749,4.304648241673844
1750,4.414956960532478
1751,4.781474069376253
1752,4.389999142459581
1753,4.284203355873876
1754,4.37486051707137
1755,4.29938574715695
1756,4.282175373486011
1757,4.352355129984976
1758,4.2803970520745835
1759,4.333487695663008
1760,4.363884540474019
1761,4.282760795051462
1762,4.380227373508276
1763,4.450789348968304
1764,4.264176296159975
1765,4.361690545693724
1766,4.4192122025352365
1767,4.290843715508149
1768,4.337209671733887
1769,4.517476761976584
1770,4.3304067534627775
1771,4.443167631274918
1772,4.686781942819179
1773,4.383476382026747
1774,4.279369711169059
1775,4.431234741966493
1776,4.356901410385422
1777,4.277276408024409
1778,4.444253057509896
1779,4.390492922385789
1780,4.284083933106167
1781,4.418371798948995
1782,4.3620156068203215
1783,4.270309133169122
1784,4.322056493791518
1785,4.280023260536277
1786,4.2678627118344625
1787,4.300053105132509
1788,4.2806989414616075
1789,4.265991569786518
1790,4.322108430809324
1791,4.389546934885277
1792,4.315946739058119
1793,4.304853605894933
1794,4.292933100511264
1795,4.26593376457524
1796,4.286042377535925
1797,4.364163213297647
1798,4.419047757918411
1799,4.29376650652961
1800,4.262072559898533
1801,4.345741782186089
1802,4.331423278594431
1803,4.271133653241911
1804,4.341760402400617
1805,4.323325191996573
1806,4.292524973813535
1807,4.330388643558826
1808,4.31756675239427
1809,4.334718793004235
1810,4.280430516066665
1811,4.263324653251205
1812,4.310310629617804
1813,4.283912165632344
1814,4.2994556485848765
1815,4.328638511596402
1816,4.327157674325918
1817,4.4817081067008635
1818,4.619189046565657
1819,4.376811133717575
1820,4.367422732069835
1821,4.3369474245042055
1822,4.310588738725285
1823,4.362391110710619
1824,4.2734557096920485
1825,4.265088505407231
1826,4.26861086472891
1827,4.3117322548125605
1828,4.320869487510596
1829,4.29020840533602
1830,4.337814221751677
1831,4.3248905636899435
1832,4.29666923701331
1833,4.308186959395113
1834,4.270363350308492
1835,4.2774430057816435
1836,4.296029287627553
1837,4.282237557997483
1838,4.359184235158762
1839,4.291380628524715
1840,4.329707836394388
1841,4.417995283119043
1842,4.288002482335308
1843,4.273346862005907
1844,4.333140026561076
1845,4.375793995694273
1846,4.293796631920549
1847,4.294385748851289
1848,4.398018856494867
1849,4.444395545471368
1850,4.305230999146051
1851,4.38910930554531
1852,4.3219240975041116
1853,4.268659967034843
1854,4.320954085389291
1855,4.311975734721531
1856,4.311924437453471
1857,4.292926912720795
1858,4.2948373033195715
1859,4.2665284119796585
1860,4.264432103286572
1861,4.265269992561124
1862,4.288892479139889
1863,4.292454072687541
1864,4.281359235967143
1865,4.277100895923178
1866,4.295820364049387
1867,4.346806469094644
1868,4.2848450502369175
1869,4.2879605633260836
1870,4.287221798947332
1871,4.298091838437186
1872,4.286239520112473
1873,4.271906919681759
1874,4.2703080158696896
1875,4.282049859486516
1876,4.262742056372458
1877,4.2704909984642105
1878,4.294210447389992
1879,4.273539146765776
1880,4.288503228682527
1881,4.271094728253684
1882,4.295217802132
1883,4.390102477638398
1884,4.306997345868369
1885,4.36622717509607
1886,4.348602387558773
1887,4.294011454992183
1888,4.318110857373043
1889,4.37639093598898
1890,4.352354920707408
1891,4.3092015878898975
1892,4.334727811464333
1893,4.319550604389979
1894,4.29623376035448
1895,4.254986835582198
1896,4.443077872937717
1897,4.360784628902077
1898,4.264548249921032
1899,4.430461193659107
1900,4.387260539846503
1901,4.2585336910533975
1902,4.381367613034531
1903,4.45027441505517
1904,4.281156835806682
1905,4.266381104039209
1906,4.377124047103658
1907,4.314623392839662
1908,4.2778574968562015
1909,4.363643173975102
1910,4.343526125308867
1911,4.537166598707058
1912,4.287288560547721
1913,4.353283434617641
1914,4.417528744643207
1915,4.273671647576311
1916,4.279283478748521
1917,4.293419831729456
1918,4.287997756883907
1919,4.275884678277896
1920,4.259837156790126
1921,4.254719206568683
1922,4.295575796708813
1923,4.273152422639603
1924,4.25976715541748
1925,4.33354610870175
1926,4.330199078696836
1927,4.26855888488826
1928,4.272612826945605
1929,4.26944337149066
1930,4.272080646566284
1931,4.292816018282321
1932,4.336889235440913
1933,4.25215494733221
1934,4.309446031396657
1935,4.450748366989358
1936,4.358418802636143
1937,4.273262649076177
1938,4.2553292968961545
1939,4.311556255404134
1940,4.347922780753151
1941,4.256954066742229
1942,4.251061923795513
1943,4.252812819572161
1944,4.265664076029088
1945,4.261433815752627
1946,4.3017711206456815
1947,4.422849148929358
1948,4.370692136251506
1949,4.342834601258521
1950,4.654693966507706
1951,4.414083457191575
1952,4.263297356320042
1953,4.504027224004739
1954,4.626636822038121
1955,4.324957284222467
1956,4.2874869223738585
1957,4.3982628522435006
1958,4.285892187426703
1959,4.293153488204763
1960,4.30714719711889
1961,4.267126186224731
1962,4.261176502275342
1963,4.2750144528246095
1964,4.260577872854973
1965,4.260891838312229
1966,4.272042156373568
1967,4.300805930579918
1968,4.365729716267962
1969,4.274744593690075
1970,4.264659752391018
1971,4.371718609093926
1972,4.305296419888685
1973,4.307114917243747
1974,4.262059026228523
1975,4.255473143816964
1976,4.259629925563632
1977,4.274853579985947
1978,4.271906115816215
1979,4.3153337405922585
1980,4.299747187855348
1981,4.2671592169
1982,4.265059590606264
1983,4.301855181932641
1984,4.284036955142002
1985,4.258964296654917
1986,4.261174535838723
1987,4.2696872794868375
1988,4.264821117655561
1989,4.323473905317778
1990,4.309541736037995
1991,4.269854875408268
1992,4.28402072801359
1993,4.269743071702065
1994,4.26707672638229
1995,4.3359211000341755
1996,4.490590462233094
1997,4.41827456439253
1998,4.251778759356891
1999,4.353693499309264
2000,4.367584749075083
2001,4.297468737248088
2002,4.510248893173922
2003,4.63438685174857
2004,4.244565504635676
2005,4.54884848748775
2006,4.724724211123164
2007,4.364938834467437
2008,4.272227293622299
2009,4.424149858326675
2010,4.389425086975515
2011,4.2974218825883845
2012,4.40855851634762
2013,4.357797442505733
2014,4.2738530466955105
2015,4.413728015700141
2016,4.295053175799677
2017,4.248122433301394
2018,4.26409825187767
2019,4.278447517089846
2020,4.246647542298459
2021,4.245329799736348
2022,4.3056920991764285
2023,4.260372204108166
2024,4.3402092138521695
2025,4.309004676649944
2026,4.272459434825925
2027,4.37829724951216
2028,4.2611129039567714
2029,4.398635165532708
2030,4.316749149372927
2031,4.300694499776072
2032,4.4441826694383595
2033,4.393254777392127
2034,4.3034343437490366
2035,4.335743804859809
2036,4.283884205998608
2037,4.300989150632609
2038,4.297380591746466
2039,4.2889870977957445
2040,4.276191508903466
2041,4.268088588034057
2042,4.252548477268384
2043,4.2547544693516315
2044,4.248832254135181
2045,4.254757658235142
2046,4.260460349812328
2047,4.260145226773745
2048,4.25852625856648
2049,4.31616493048386
2050,4.257976376614892
2051,4.2934453773382115
2052,4.312680390084402
2053,4.2715263162183446
2054,4.259058605414194
2055,4.250433651419916
2056,4.339823640368774
2057,4.294359968057761
2058,4.265235527147053
2059,4.264773867710909
2060,4.258856540437132
2061,4.285731408335496
2062,4.320901302764319
2063,4.304343665964154
2064,4.428478955463962
2065,4.301600919116828
2066,4.331185997275227
2067,4.486223059824933
2068,4.336637244884024
2069,4.305863129426383
2070,4.358693000568667
2071,4.285473841731388
2072,4.26801091889332
2073,4.310339346161548
2074,4.268387730343607
2075,4.260865778759956
2076,4.279724709230026
2077,4.314717206991933
2078,4.255150616515808
2079,4.258014836812962
2080,4.270478629946214
2081,4.3119084123030635
2082,4.327352008248984
2083,4.319854258644498
2084,4.267815604294406
2085,4.256539828425937
2086,4.295407085122541
2087,4.260350403595371
2088,4.255000819416701
2089,4.253586513041655
2090,4.2443471937697455
2091,4.244373253676941
2092,4.255394446598187
2093,4.271538982482233
2094,4.271993431606596
2095,4.243257349731056
2096,4.319081154468561
2097,4.353103912444767
2098,4.343331039600982
2099,4.271924748016187
2100,4.270867501530155
2101,4.3041302452945445
2102,4.273507448268627
2103,4.331267757432265
2104,4.360631371047071
2105,4.278023266694216
2106,4.299929257033418
2107,4.367843685934006
2108,4.2922215300692566
2109,4.265601886853867
2110,4.289455172965064
2111,4.256409985504375
2112,4.248671010595381
2113,4.285186979249577
2114,4.286909906220962
2115,4.295454610403094
2116,4.25400257467201
2117,4.270417224515495
2118,4.335253275469086
2119,4.267657340338249
2120,4.2753479860811066
2121,4.25890816933403
2122,4.265480392956009
2123,4.263137294536742
2124,4.249696893585921
2125,4.288254473611342
2126,4.248676089637399
2127,4.357325609105821
2128,4.286374135655292
2129,4.267890892489822
2130,4.297247277249966
2131,4.289408274748071
2132,4.2802397546684245
2133,4.318778724781867
2134,4.421343331651199
2135,4.308565843165913
2136,4.276075246378125
2137,4.255708442228561
2138,4.259744659607669
2139,4.244957194165292
2140,4.265774518988064
2141,4.303056435507283
2142,4.2683244669399345
2143,4.257956335567864
2144,4.263229237518796
2145,4.352708028460385
2146,4.2631956819951
2147,4.387696202688279
2148,4.520622997513988
2149,4.331492601694607
2150,4.2627181420108
2151,4.381231681301814
2152,4.749238529402076
2153,4.425203971805361
2154,4.3028042699570985
2155,4.644849775450036
2156,4.325418172521977
2157,4.454651165112223
2158,4.574626635043652
2159,4.286621311895853
2160,4.273231974215301
2161,4.282136972649245
2162,4.256406652029335
2163,4.273571314206254
2164,4.278410305749007
2165,4.276211220186868
2166,4.252333121180139
2167,4.328220330089174
2168,4.349839188370973
2169,4.267147233604437
2170,4.248294150707734
2171,4.267757657317835
2172,4.308821290491661
2173,4.378005926694494
2174,4.39647537778767
2175,4.2575219897053325
2176,4.253310601366091
2177,4.316560912928908
2178,4.324366970400703
2179,4.258384547424668
2180,4.3109815064651835
2181,4.425987121929422
2182,4.302543563754686
2183,4.348660516350166
2184,4.749408935480206
2185,4.508556203492917
2186,4.284820559216636
2187,4.8867380798481355
2188,4.884116776197533
2189,4.23925415393381
2190,4.402401390061781
2191,4.5108808043233655
2192,4.347200925808243
2193,4.245142909467435
2194,4.3383533168026736
2195,4.56320361217035
2196,4.336199077932057
2197,4.254487072912592
2198,4.317743466746084
2199,4.286880019193662
2200,4.266225324513743
2201,4.241539710681645
2202,4.260370967021582
2203,4.2540627201660595
2204,4.246555542197048
2205,4.3995197281117155
2206,4.509127013795979
2207,4.256898509570681
2208,4.44628095755098
2209,4.492860916411138
2210,4.300207400655422
2211,4.269514588858691
2212,4.367023217973505
2213,4.2507193679981174
2214,4.260646504846817
2215,4.24811957552649
2216,4.300816561068327
2217,4.408623750832651
2218,4.328104417706465
2219,4.287154323886355
2220,4.2881489621631115
2221,4.289204334756392
2222,4.329838698662435
2223,4.261872666865735
2224,4.251795267821856
2225,4.256256789772964
2226,4.257491963907149
2227,4.264336316048276
2228,4.251896649630824
2229,4.250865546747696
2230,4.262561541245198
2231,4.250932266640381
2232,4.289326644275884
2233,4.4313196994443
2234,4.3087344542226
2235,4.279228623116506
2236,4.6150346043814094
2237,4.669075954585575
2238,4.259398753505905
2239,4.5783760115483005
2240,4.483965992528683
2241,4.258945856362871
2242,4.289700597002143
2243,4.570754197434819
2244,4.4429301747485095
2245,4.306214767856503
2246,4.727902728896022
2247,4.380006328005317
2248,4.356590644549181
2249,4.697202382115044
2250,4.525249687424146
2251,4.275925833020073
2252,4.759222539634511
2253,4.7056883963606015
2254,4.316090513899718
2255,4.381390931665679
2256,4.724538850651187
2257,4.606382965078896
2258,4.256692274215315
2259,4.57862711409823
2260,4.403446631870807
2261,4.275289060958368
2262,4.482002391072193
2263,4.300322942341599
2264,4.284868652699068
2265,4.325140792778528
2266,4.312001192312855
2267,4.2432205570124895
2268,4.274942080620346
2269,4.269775034275934
2270,4.247690118372061
2271,4.2500788650998
2272,4.249235166476231
2273,4.2793527458304625
2274,4.276504492979296
2275,4.264715208775106
2276,4.254205160586225
2277,4.232509727738581
2278,4.2357466546260465
2279,4.242034151132722
2280,4.281505532559001
2281,4.283757229357879
2282,4.240674602610493
2283,4.301030633772221
2284,4.240591818133385
2285,4.267587461593897
2286,4.265149870604183
2287,4.242970072357218
2288,4.250673028541033
2289,4.2473663377282245
2290,4.2472328690848755
2291,4.263209689834891
2292,4.2756232039759485
2293,4.3044941358974596
2294,4.281288777121518
2295,4.262721890712359
2296,4.295037744925231
2297,4.2690277571416235
2298,4.296566480906345
2299,4.291114889043928
2300,4.315967654037946
2301,4.448560761778327
2302,4.2878048456674405
2303,4.272848728152569
2304,4.390729408330624
2305,4.3187407817995105
2306,4.250575866224473
2307,4.246942934387825
2308,4.294546182620957
2309,4.274435091911861
2310,4.319099271280209
2311,4.3702477710485
2312,4.403180630128054
2313,4.309202893960502
2314,4.286595260382364
2315,4.614153637674596
2316,4.558745344002589
2317,4.23958626773408
2318,4.537357101567817
2319,4.562770990309517
2320,4.260932010897931
2321,4.279925759190777
2322,4.282903405503784
2323,4.2919295554123185
2324,4.244346956083775
2325,4.261160110421054
2326,4.245026810998484
2327,4.2947808475263
2328,4.249339965304984
2329,4.488195907805249
2330,4.441455890578101
2331,4.259634474300339
2332,4.480339188746576
2333,4.462285592840402
2334,4.271629562564552
2335,4.267372125753623
2336,4.344343601512949
2337,4.303207452710019
2338,4.290871630516053
2339,4.534418136685009
2340,4.388183118689476
2341,4.240760093363555
2342,4.337626600407692
2343,4.345009265160951
2344,4.25215603970384
2345,4.235320769310743
2346,4.23766579079222
2347,4.2655605237449405
2348,4.272136631112792
2349,4.287128448234651
2350,4.2517905913853316
2351,4.435465490410562
2352,4.4458366099447995
2353,4.258913651065374
2354,4.47813189296154
2355,4.762195359649397
2356,4.311443112261999
2357,4.391075233137768
2358,4.62371686793991
2359,4.385620762874822
2360,4.266997980559206
2361,4.361780270002317
2362,4.259151204647212
2363,4.364398655188101
2364,4.361611346125996
2365,4.287596674837512
2366,4.29261744323927
2367,4.3673681952022925
2368,4.48412491333215
2369,4.440333103439596
2370,4.2509067464716415
2371,4.299021983820989
2372,4.276206319259851
2373,4.272759285521139
2374,4.510612596088658
2375,4.41192146303927
2376,4.28964426210512
2377,4.567483313233629
2378,4.485157675440342
2379,4.2946388172611565
2380,4.365777455169316
2381,4.539041949242461
2382,4.271715895344516
2383,4.250947345088266
2384,4.4822780024392745
2385,4.412466316088261
2386,4.242674892958617
2387,4.369380995250324
2388,4.255202249250996
2389,4.240745088293515
2390,4.343715601669377
2391,4.2860600770506405
2392,4.249930005594629
2393,4.2880073420856215
2394,4.293395677458399
2395,4.243474397646998
2396,4.237562719181969
2397,4.277553896671213
2398,4.249239257685811
2399,4.24949290487318
2400,4.256798194348417
2401,4.234299472888386
2402,4.233950932356784
2403,4.263121706300268
2404,4.264590708668124
2405,4.253753008964843
2406,4.290079402297721
2407,4.289678834279645
2408,4.283924003123234
2409,4.24379391079099
2410,4.251403086240023
2411,4.233296806013624
2412,4.232947130165146
2413,4.30361134451455
2414,4.413193784995897
2415,4.2491459962963445
2416,4.447272598376355
2417,4.565696993225047
2418,4.3063549641106205
2419,4.530223985598557
2420,4.6430624667144365
2421,4.317890577004274
2422,4.465623636078013
2423,4.46414496574188
2424,4.369864817118861
2425,4.306317425650916
2426,4.507844669731805
2427,4.454297606546514
2428,4.23960001938831
2429,4.244267585748495
2430,4.245337672646778
2431,4.253071301745766
2432,4.252480793257697
2433,4.281365527368884
2434,4.2864086301486495
2435,4.260309268410572
2436,4.2416006734887635
2437,4.2517931508552875
2438,4.355133152770372
2439,4.308992298413358
2440,4.431099633594479
2441,4.5041566458660105
2442,4.286094636994032
2443,4.618105163323462
2444,4.465463321835847
2445,4.240406053119761
2446,4.384179042267726
2447,4.3286236549710795
2448,4.252171198349287
2449,4.243737742116853
2450,4.263523830226405
2451,4.233210854401093
2452,4.23921908889036
2453,4.275160911415601
2454,4.396919824304285
2455,4.396082448965013
2456,4.339983418755546
2457,4.257799755222098
2458,4.248268829565241
2459,4.314776914678696
2460,4.326813404439062
2461,4.2627191449946835
2462,4.351844968859094
2463,4.354877536426238
2464,4.272963923780072
2465,4.241550538904039
2466,4.22803086248171
2467,4.230619189685905
2468,4.227701503208954
2469,4.245612781834837
2470,4.284320629870038
2471,4.295343687832541
2472,4.280837181747298
2473,4.333973410598071
2474,4.329542957649187
2475,4.280525023505505
2476,4.291571833608704
2477,4.251321729620276
2478,4.240074773178213
2479,4.261209096160296
2480,4.244917836145962
2481,4.25439038534984
2482,4.30805031577221
2483,4.278299828859141
2484,4.238806888252347
2485,4.2232085753563195
2486,4.237713663956466
2487,4.238899300937677
2488,4.236605882974799
2489,4.2426443678153145
2490,4.234835762790984
2491,4.2315168100184835
2492,4.2265383660999065
2493,4.27518697822539
2494,4.270905772444379
2495,4.245679900752685
2496,4.228592485316798
2497,4.253914079981622
2498,4.240600203543703
2499,4.24962591527841
2500,4.296657852324286
2501,4.313314461550742
2502,4.24683499831255
2503,4.289393104507141
2504,4.375317670585562
2505,4.27417172195721
2506,4.314772695763296
2507,4.236714686437603
2508,4.262151764576955
2509,4.258867023402317
2510,4.243905108787473
2511,4.239529739692272
2512,4.244100608497767
2513,4.240101353559543
2514,4.242985500482728
2515,4.317230365130358
2516,4.364320421696097
2517,4.262381341753915
2518,4.295598793400866
2519,4.364522685062643
2520,4.2590011672582655
2521,4.282975660712189
2522,4.46227163042382
2523,4.356674933251442
2524,4.230948917305857
2525,4.300814786933915
2526,4.279491244639189
2527,4.263788539579786
2528,4.269726186566631
2529,4.255810469089695
2530,4.289792316851904
2531,4.280884948335336
2532,4.258478386724089
2533,4.431415821747957
2534,4.297153816197088
2535,4.240948901670815
2536,4.288361437917963
2537,4.254966871091189
2538,4.23868524807068
2539,4.268611219521805
2540,4.2285608259280085
2541,4.2305396865100215
2542,4.223996758755847
2543,4.24741918754242
2544,4.3100011354987675
2545,4.245954937730163
2546,4.234654617582533
2547,4.248643490740414
2548,4.25146681166763
2549,4.2816520306413075
2550,4.322640769310456
2551,4.2264159215877015
2552,4.257267924510713
2553,4.233117923582006
2554,4.259477140749066
2555,4.285582916394948
2556,4.2895163358607
2557,4.25432535564783
2558,4.249749257568254
2559,4.2496439579412355
2560,4.262332831228488
2561,4.27904710794682
2562,4.271830438780502
2563,4.237592027613503
2564,4.267429564191226
2565,4.305996433637293
2566,4.246696366194094
2567,4.226788201256302
2568,4.230679145314142
2569,4.2415166393054795
2570,4.255799700419999
2571,4.233484882830473
2572,4.225459343237033
2573,4.296028409733291
2574,4.341571065425795
2575,4.268857719224983
2576,4.287705736139417
2577,4.280290976895499
2578,4.261021593694547
2579,4.303743144847478
2580,4.3204431969867745
2581,4.376220216074763
2582,4.224769248787998
2583,4.331176819770719
2584,4.282769457356766
2585,4.235478519202017
2586,4.3282427917483295
2587,4.341883780969834
2588,4.28892919748648
2589,4.228430100916321
2590,4.397106566060304
2591,4.410540785386893
2592,4.230017272086173
2593,4.291317393111961
2594,4.464505261500563
2595,4.345593297035295
2596,4.251357354316758
2597,4.351176882370444
2598,4.345819192963207
2599,4.283631403298535
2600,4.241991938965662
2601,4.252885600022331
2602,4.229933968309322
2603,4.231337202556057
2604,4.225407743448859
2605,4.252712036136644
2606,4.2311601140741795
2607,4.4114934918497095
2608,4.398025486530819
2609,4.24298927896003
2610,4.224133682849558
2611,4.299089100032346
2612,4.375927163930541
2613,4.444497019541064
2614,4.314680651288637
2615,4.300035826414399
2616,4.672300515300658
2617,4.630497549205838
2618,4.2639424641861385
2619,4.385081978863691
2620,4.2711301185547415
2621,4.2863003826217945
2622,4.328747880823564
2623,4.2341446948289185
2624,4.263393085805902
2625,4.247977199937625
2626,4.227413723637143
2627,4.232181964984803
2628,4.2464657007431255
2629,4.241530650307659
2630,4.242596228873799
2631,4.2885572671210275
2632,4.310896877957704
2633,4.237243518867027
2634,4.247275424878307
2635,4.219246761459799
2636,4.241802443051623
2637,4.223351073044345
2638,4.458051974057533
2639,4.377461478188992
2640,4.218867403985676
2641,4.309707257239929
2642,4.262208645939844
2643,4.242003286533164
2644,4.2545533273298135
2645,4.238197876413441
2646,4.244922376748249
2647,4.263484479183095
2648,4.241869565312797
2649,4.245585819656963
2650,4.250135506639387
2651,4.2633577418162245
2652,4.3280681686334095
2653,4.248827000825231
2654,4.3394390967355045
2655,4.300810531854148
2656,4.244282893715532
2657,4.3557254698014365
2658,4.360785333438096
2659,4.260154496232286
2660,4.3310246931539025
2661,4.2322848423637955
2662,4.241737930390464
2663,4.30322290534661
2664,4.231705115857499
2665,4.413058908393847
2666,4.288354566818658
2667,4.309675764476742
2668,4.413576785827515
2669,4.329902272996452
2670,4.2585548147784795
2671,4.267571068379725
2672,4.258909345186449
2673,4.240299366657408
2674,4.228317103064793
2675,4.3457758989218975
2676,4.270549201024469
2677,4.265541115856895
2678,4.303709192245907
2679,4.26556324843581
2680,4.227660688990797
2681,4.2514797475898325
2682,4.3656881290294
2683,4.284669189157531
2684,4.273228120360281
2685,4.376698297065048
2686,4.393859965643965
2687,4.3412079655584765
2688,4.644204204984484
2689,4.500480176113099
2690,4.224126003299924
2691,4.512986890858602
2692,4.453389362174263
2693,4.244290169937836
2694,4.269964792796775
2695,4.273631049415737
2696,4.286659053717547
2697,4.287684320502314
2698,4.302531341348002
2699,4.330967379536621
2700,4.318836332465111
2701,4.278683920597254
2702,4.246800192800662
2703,4.449106382022277
2704,4.278220942622045
2705,4.227264443147459
2706,4.339866946330467
2707,4.321134205975305
2708,4.228451260637165
2709,4.290617988417642
2710,4.263469648364933
2711,4.240112180451459
2712,4.240248467135289
2713,4.2470765703930535
2714,4.261334828815832
2715,4.227895958213259
2716,4.283592767529842
2717,4.286675837123145
2718,4.267768169605224
2719,4.23465956359711
2720,4.340533541077377
2721,4.325677579584052
2722,4.25439494807796
2723,4.438280573342858
2724,4.434611408653877
2725,4.228536405927955
2726,4.459907054945125
2727,4.5678509142744765
2728,4.249690086212054
2729,4.517221521786402
2730,4.34712946557982
2731,4.2409707726538945
2732,4.578969569824407
2733,4.723291012033158
2734,4.303465550256455
2735,4.525096242463063
2736,4.904665802150907
2737,4.50804763611396
2738,4.227967986941235
2739,4.297583373303597
2740,4.371691154191202
2741,4.245460725523794
2742,4.272597197503311
2743,4.258965443385272
2744,4.2786074476019325
2745,4.365493272492806
2746,4.303096297428128
2747,4.2369895942305895
2748,4.342018997201555
2749,4.280339402991571
2750,4.28356107196836
2751,4.319380468755246
2752,4.267572312388646
2753,4.252360909009966
2754,4.322702858573157
2755,4.2616919701746845
2756,4.279170849321818
2757,4.259813090753041
2758,4.2704565335942295
2759,4.492986022995091
2760,4.4370714632276425
2761,4.261199075219998
2762,4.26208157021182
2763,4.228855072575947
2764,4.240280296622202
2765,4.254129373780053
2766,4.280489512140572
2767,4.277628885243671
2768,4.256399628754253
2769,4.261730776270541
2770,4.287388489824566
2771,4.360185758127292
2772,4.282771676824192
2773,4.239886307171517
2774,4.558687740687937
2775,4.644447495186493
2776,4.3077527001764695
2777,4.371730198875361
2778,4.4400563475477846
2779,4.265128249155473
2780,4.249209358609255
2781,4.457229709046057
2782,4.3065921770473485
2783,4.369188264895839
2784,4.668680563810751
2785,4.422417382214704
2786,4.257245230211611
2787,4.631191443679384
2788,4.275614885833728
2789,4.332376690766885
2790,4.540772709435046
2791,4.406486529373714
2792,4.232000077372379
2793,4.346713681381024
2794,4.3362493865688645
2795,4.256152003695946
2796,4.29516473330538
2797,4.359578716648714
2798,4.278446013277335
2799,4.278455340072826
2800,4.355227319708722
2801,4.342298612692017
2802,4.251727529899312
2803,4.333944857651731
2804,4.314803576236248
2805,4.2316262187513685
2806,4.232601209843184
2807,4.399901939710816
2808,4.407057924556688
2809,4.21753344652464
2810,4.535860110809139
2811,4.7828855204600025
2812,4.225249614386537
2813,4.517667536200424
2814,4.528896426825283
2815,4.239454137866467
2816,4.431246475186776
2817,4.502151073749529
2818,4.230635022874464
2819,4.418540609643505
2820,4.577334502926413
2821,4.273641782658625
2822,4.3100744939905535
2823,4.581872215120415
2824,4.247455138096548
2825,4.3005887257533955
2826,4.41128996116252
2827,4.272598411374079
2828,4.264374249625363
2829,4.3281172186981225
2830,4.313095383437638
2831,4.234339817020313
2832,4.481211823704113
2833,4.381793262738287
2834,4.233466704717228
2835,4.241298988921907
2836,4.323390282095735
2837,4.2578212026219555
2838,4.229825932759914
2839,4.29777568224072
2840,4.248621142378565
2841,4.333444933014979
2842,4.439942775900858
2843,4.317228639152748
2844,4.241882529871748
2845,4.388028647922311
2846,4.267322095478173
2847,4.240368356672051
2848,4.24689598467822
2849,4.226249767336643
2850,4.245027686418747
2851,4.269966666958478
2852,4.234660297751794
2853,4.300918374392805
2854,4.27558430490845
2855,4.216905877008592
2856,4.241016921015383
2857,4.317098534356033
2858,4.352816644040093
2859,4.214333981157894
2860,4.33078823346918
2861,4.321766243036372
2862,4.23042615629685
2863,4.235243206394307
2864,4.230831629323249
2865,4.286542957982921
2866,4.317677002053911
2867,4.220134325502249
2868,4.40104896432569
2869,4.405479693838388
2870,4.246575853583537
2871,4.427482231777018
2872,4.327573926595577
2873,4.337599092315976
2874,4.631974334704819
2875,4.351523204475329
2876,4.262100779566712
2877,4.3580398541288075
2878,4.423003444123063
2879,4.257925397370158
2880,4.237319205013273
2881,4.269573147232379
2882,4.242471221460416
2883,4.225923264183022
2884,4.246042655622844
2885,4.231861405436533
2886,4.218942173931231
2887,4.232964160327444
2888,4.262958936609034
2889,4.253620892848839
2890,4.231402430920815
2891,4.223372442077427
2892,4.257190898671434
2893,4.228611163767314
2894,4.2209659195829365
2895,4.24510661223371
2896,4.262386845172938
2897,4.2601834636379525
2898,4.2389116318340845
2899,4.258805494746401
2900,4.287983291185974
2901,4.291891211443882
2902,4.257353149149259
2903,4.247868057815976
2904,4.234325002641254
2905,4.318129371159437
2906,4.3312276291562
2907,4.241193936881851
2908,4.331562382009173
2909,4.554968383272239
2910,4.294718410599762
2911,4.222538312248746
2912,4.247636506887274
2913,4.258074544802789
2914,4.298083694654498
2915,4.249976378509117
2916,4.219974130313722
2917,4.244437609051097
2918,4.227883716918756
2919,4.282692412055757
2920,4.240439231250522
2921,4.243761539689692
2922,4.246324830328114
2923,4.387314820511725
2924,4.285964228321376
2925,4.2213514081143515
2926,4.259805923710642
2927,4.250340851426189
2928,4.286441180686457
2929,4.647499808439549
2930,4.40773681820152
2931,4.276535162195733
2932,4.416733308680633
2933,4.50924946663181
2934,4.29291494724343
2935,4.275147677786321
2936,4.364273726041316
2937,4.313017224489532
2938,4.285740123637038
2939,4.5920832841979715
2940,4.779509299437736
2941,4.285634799512432
2942,4.270042679212156
2943,4.407475598440142
2944,4.2462537669888984
2945,4.259702669601443
2946,4.359700111539327
2947,4.271267646196475
2948,4.26356047839564
2949,4.32227492064415
2950,4.501898819788722
2951,4.313108229758319
2952,4.262236486309892
2953,4.258022569822608
2954,4.301463891377561
2955,4.293155648965657
2956,4.2597458731010365
2957,4.286370020271423
2958,4.343759635572935
2959,4.260881126145093
2960,4.250455313160935
2961,4.323738060736566
2962,4.247883467532504
2963,4.321726849417392
2964,4.249121675878668
2965,4.39877707083372
2966,4.36696928806662
2967,4.21691463597002
2968,4.424352812547546
2969,4.340410575022487
2970,4.238295943707546
2971,4.290656131169232
2972,4.219470759438353
2973,4.297250615645915
2974,4.348324711375226
2975,4.238345828027967
2976,4.374554377329968
2977,4.417377981120157
2978,4.339163307580917
2979,4.232901962552297
2980,4.350819067652803
2981,4.308112983686025
2982,4.27811180880952
2983,4.500305081371629
2984,4.469337341787322
2985,4.2742503463503345
2986,4.361838355370428
2987,4.546637889737654
2988,4.49206717286639
2989,4.253575940038152
2990,4.312264828577062
2991,4.32319159388767
2992,4.229257489584505
2993,4.346889966332564
2994,4.595835222866222
2995,4.238184465822969
2996,4.417876392717571
2997,4.528845218294447
2998,4.279573667339199
2999,4.442673179669617
